{
  "pairs": [
    {
      "chance": 100,
      "items": [
        {
          "type": "FEATHER",
          "chance": 100,
          "min": 0,
          "max": 2,
          "looting": true
        }
      ]
    },
    {
      "chance": 100,
      "items": [
        {
          "type": "CHICKEN",
          "chance": 100,
          "min": 1,
          "max": 1,
          "looting": true,
          "burnable": {
            "type": "COOKED_CHICKEN"
          }
        }
      ]
    },
    {
      "killer": [
        "WITHER"
      ],
      "chance": 100,
      "items": [
        {
          "type": "WITHER_ROSE",
          "chance": 100
        }
      ]
    }
  ]
}