{
  "pairs": [
    {
      "chance": 100,
      "items": [
        {
          "type": "GUNPOWDER",
          "chance": 100,
          "min": 0,
          "max": 2,
          "looting": true
        }
      ]
    },
    {
      "killedByCharged": true,
      "chance": 100,
      "items": [
        {
          "type": "CREEPER_HEAD",
          "chance": 100,
          "min": 1,
          "max": 1
        }
      ]
    },
    {
      "killer": [
        "WITHER"
      ],
      "chance": 100,
      "items": [
        {
          "type": "WITHER_ROSE",
          "chance": 100
        }
      ]
    },
    {
      "killer": [
        "SKELETON",
        "STRAY"
      ],
      "chance": 100,
      "items": [
        {
          "type": "MUSIC_DISC_11",
          "chance": 8.33
        },
        {
          "type": "MUSIC_DISC_13",
          "chance": 8.33
        },
        {
          "type": "MUSIC_DISC_BLOCKS",
          "chance": 8.33
        },
        {
          "type": "MUSIC_DISC_CAT",
          "chance": 8.33
        },
        {
          "type": "MUSIC_DISC_CHIRP",
          "chance": 8.33
        },
        {
          "type": "MUSIC_DISC_FAR",
          "chance": 8.33
        },
        {
          "type": "MUSIC_DISC_MALL",
          "chance": 8.33
        },
        {
          "type": "MUSIC_DISC_MELLOHI",
          "chance": 8.33
        },
        {
          "type": "MUSIC_DISC_STAL",
          "chance": 8.34
        },
        {
          "type": "MUSIC_DISC_STRAD",
          "chance": 8.34
        },
        {
          "type": "MUSIC_DISC_WAIT",
          "chance": 8.34
        },
        {
          "type": "MUSIC_DISC_WARD",
          "chance": 8.34
        }
      ]
    }
  ]
}