{
  "pairs": [
    {
      "chance": 100,
      "items": [
        {
          "type": "PRISMARINE_SHARD",
          "chance": 100,
          "min": 0,
          "max": 2,
          "looting": true
        }
      ]
    },
    {
      "killer": [
        "WITHER"
      ],
      "chance": 100,
      "items": [
        {
          "type": "WITHER_ROSE",
          "chance": 100
        }
      ]
    },
    {
      "chance": 100,
      "items": [
        {
          "type": "COD",
          "chance": 50,
          "min": 1,
          "max": 1,
          "looting": true,
          "burnable": {
            "type": "COOKED_COD"
          }
        },
        {
          "type": "PRISMARINE_CRYSTALS",
          "chance": 33,
          "min": 1,
          "max": 1,
          "looting": true
        }
      ]
    },
    {
      "killedByPlayer": true,
      "chance": 100,
      "min": 1,
      "max": 1,
      "items": [
        {
          "type": "WET_SPONGE",
          "chance": 100,
          "min": 1,
          "max": 1
        }
      ]
    },
    {
      "killedByPlayer": true,
      "chance": 2.5,
      "items": [
        {
          "type": "COD",
          "chance": 60,
          "min": 1,
          "max": 1
        },
        {
          "type": "SALMON",
          "chance": 25,
          "min": 1,
          "max": 1
        },
        {
          "type": "PUFFERFISH",
          "chance": 13,
          "min": 1,
          "max": 1
        },
        {
          "type": "TROPICAL_FISH",
          "chance": 2,
          "min": 1,
          "max": 1
        }
      ]
    },
    {
      "chance": 20,
      "min": 1,
      "max": 1,
      "items": [
        {
          "type": "TIDE_ARMOR_TRIM_SMITHING_TEMPLATE",
          "chance": 100,
          "min": 1,
          "max": 1
        }
      ]
    }
  ]
}