{
  "pairs": [
    {
      "chance": 100,
      "items": [
        {
          "type": "TOTEM_OF_UNDYING",
          "chance": 100,
          "min": 1,
          "max": 1
        }
      ]
    },
    {
      "chance": 100,
      "items": [
        {
          "type": "ENDER_PEARL",
          "chance": 100,
          "min": 0,
          "max": 1,
          "looting": true
        }
      ]
    },
    {
      "killedByPlayer": true,
      "chance": 100,
      "items": [
        {
          "type": "EMERALD",
          "chance": 100,
          "min": 1,
          "max": 1,
          "looting": true
        }
      ]
    }
  ]
}