{
  "pairs": [
    {
      "chance": 100,
      "items": [
        {
          "type": "POPPY",
          "chance": 100,
          "min": 0,
          "max": 2,
          "looting": true
        }
      ]
    },
    {
      "chance": 100,
      "items": [
        {
          "type": "IRON_INGOT",
          "chance": 100,
          "min": 3,
          "max": 5
        }
      ]
    },
    {
      "killer": [
        "WITHER"
      ],
      "chance": 100,
      "items": [
        {
          "type": "WITHER_ROSE",
          "chance": 100
        }
      ]
    }
  ]
}