{
  "pairs": [
    {
      "slime-size": 1,
      "chance": 100,
      "items": [
        {
          "type": "MAGMA_CREAM",
          "chance": 25,
          "min": 1,
          "max": 1,
          "looting": true
        }
      ]
    },
    {
      "killer": [
        "WITHER"
      ],
      "chance": 100,
      "items": [
        {
          "type": "WITHER_ROSE",
          "chance": 100
        }
      ]
    },
    {
      "killer": [
        "FROG"
      ],
      "chance": 100,
      "items": [
        {
          "killer": [
            {
              "type": "FROG",
              "variant": "minecraft:warm"
            }
          ],
          "type": "PEARLESCENT_FROGLIGHT",
          "chance": 100
        },
        {
          "killer": [
            {
              "type": "FROG",
              "variant": "minecraft:cold"
            }
          ],
          "type": "VERDANT_FROGLIGHT",
          "chance": 100
        },
        {
          "killer": [
            {
              "type": "FROG",
              "variant": "minecraft:temperate"
            }
          ],
          "type": "OCHRE_FROGLIGHT",
          "chance": 100
        }
      ]
    }
  ]
}