{
  "pairs": [
    {
      "chance": 100,
      "items": [
        {
          "type": "COD",
          "chance": 75,
          "min": 0,
          "max": 2,
          "looting": true
        },
        {
          "type": "SALMON",
          "chance": 25,
          "min": 0,
          "max": 2,
          "looting": true
        }
      ]
    },
    {
      "killer": [
        "WITHER"
      ],
      "chance": 100,
      "items": [
        {
          "type": "WITHER_ROSE",
          "chance": 100
        }
      ]
    }
  ]
}