{
  "pairs": [
    {
      "chance": 100,
      "items": [
        {
          "type": "RABBIT_HIDE",
          "chance": 100,
          "min": 0,
          "max": 1,
          "looting": true
        }
      ]
    },
    {
      "chance": 100,
      "items": [
        {
          "type": "RABBIT",
          "chance": 100,
          "min": 0,
          "max": 1,
          "looting": true,
          "burnable": {
            "type": "COOKED_RABBIT"
          }
        }
      ]
    },
    {
      "chance": 10,
      "lootingChance": 3,
      "items": [
        {
          "killedByPlayer": true,
          "type": "RABBIT_FOOT",
          "chance": 100,
          "min": 1,
          "max": 1
        }
      ]
    },
    {
      "killer": [
        "WITHER"
      ],
      "chance": 100,
      "items": [
        {
          "type": "WITHER_ROSE",
          "chance": 100
        }
      ]
    }
  ]
}