{
  "pairs": [
    {
      "chance": 100,
      "items": [
        {
          "type": "MUTTON",
          "chance": 100,
          "min": 1,
          "max": 2,
          "looting": true,
          "burnable": {
            "type": "COOKED_MUTTON"
          }
        }
      ]
    },
    {
      "chance": 100,
      "items": [
        {
          "type": "WHITE_WOOL",
          "chance": 100,
          "min": 1,
          "max": 1
        }
      ]
    },
    {
      "killer": [
        "WITHER"
      ],
      "chance": 100,
      "items": [
        {
          "type": "WITHER_ROSE",
          "chance": 100
        }
      ]
    }
  ]
}