{
  "pairs": [
    {
      "chance": 100,
      "items": [
        {
          "type": "ARROW",
          "chance": 100,
          "min": 0,
          "max": 2,
          "looting": true
        }
      ]
    },
    {
      "killedByCharged": true,
      "chance": 100,
      "items": [
        {
          "type": "SKELETON_SKULL",
          "chance": 100,
          "min": 1,
          "max": 1
        }
      ]
    },
    {
      "chance": 100,
      "items": [
        {
          "type": "BONE",
          "chance": 100,
          "min": 0,
          "max": 2,
          "looting": true
        }
      ]
    }
  ]
}