{
  "pairs": [
    {
      "chance": 100,
      "items": [
        {
          "type": "STRING",
          "chance": 100,
          "min": 0,
          "max": 2,
          "looting": true
        }
      ]
    },
    {
      "killedByPlayer": true,
      "chance": 100,
      "items": [
        {
          "type": "SPIDER_EYE",
          "chance": 33,
          "min": 1,
          "max": 1,
          "looting": true
        }
      ]
    },
    {
      "killer": [
        "WITHER"
      ],
      "chance": 100,
      "items": [
        {
          "type": "WITHER_ROSE",
          "chance": 100
        }
      ]
    }
  ]
}