{
  "pairs": [
    {
      "chance": 100,
      "items": [
        {
          "type": "TROPICAL_FISH",
          "chance": 100,
          "min": 1,
          "max": 1
        }
      ]
    },
    {
      "chance": 5,
      "items": [
        {
          "type": "INK_SAC",
          "data": 15,
          "chance": 100,
          "min": 1,
          "max": 1
        }
      ]
    },
    {
      "killer": [
        "WITHER"
      ],
      "chance": 100,
      "items": [
        {
          "type": "WITHER_ROSE",
          "chance": 100
        }
      ]
    }
  ]
}