{
  "min": 1,
  "max": 3,
  "pairs": [
    {
      "chance": 12.5,
      "items": [
        {
          "type": "GLOWSTONE_DUST",
          "chance": 100,
          "min": 0,
          "max": 2,
          "looting": true
        }
      ]
    },
    {
      "chance": 12.5,
      "items": [
        {
          "type": "SUGAR",
          "chance": 100,
          "min": 0,
          "max": 2,
          "looting": true
        }
      ]
    },
    {
      "chance": 12.5,
      "items": [
        {
          "type": "REDSTONE",
          "chance": 100,
          "min": 0,
          "max": 2,
          "looting": true
        }
      ]
    },
    {
      "chance": 12.5,
      "items": [
        {
          "type": "SPIDER_EYE",
          "chance": 100,
          "min": 0,
          "max": 2,
          "looting": true
        }
      ]
    },
    {
      "chance": 12.5,
      "items": [
        {
          "type": "GLASS_BOTTLE",
          "chance": 100,
          "min": 0,
          "max": 2,
          "looting": true
        }
      ]
    },
    {
      "chance": 12.5,
      "items": [
        {
          "type": "GUNPOWDER",
          "chance": 100,
          "min": 0,
          "max": 2,
          "looting": true
        }
      ]
    },
    {
      "chance": 25,
      "items": [
        {
          "type": "STICK",
          "chance": 100,
          "min": 0,
          "max": 2,
          "looting": true
        }
      ]
    },
    {
      "killer": [
        "WITHER"
      ],
      "chance": 100,
      "items": [
        {
          "type": "WITHER_ROSE",
          "chance": 100
        }
      ]
    }
  ]
}