{
  "pairs": [
    {
      "chance": 100,
      "items": [
        {
          "type": "COAL",
          "chance": 33,
          "min": 1,
          "max": 1,
          "looting": true
        }
      ]
    },
    {
      "chance": 100,
      "items": [
        {
          "type": "BONE",
          "chance": 100,
          "min": 0,
          "max": 2,
          "looting": true
        }
      ]
    },
    {
      "killedByCharged": true,
      "chance": 100,
      "items": [
        {
          "type": "WITHER_SKELETON_SKULL",
          "chance": 100,
          "min": 1,
          "max": 1
        }
      ]
    },
    {
      "killedByPlayer": true,
      "chance": 100,
      "lootingChance": 1,
      "items": [
        {
          "type": "WITHER_SKELETON_SKULL",
          "chance": 2.5,
          "min": 1,
          "max": 1
        }
      ]
    }
  ]
}