{
  "pairs": [
    {
      "chance": 100,
      "items": [
        {
          "type": "ROTTEN_FLESH",
          "chance": 100,
          "min": 0,
          "max": 1,
          "looting": true
        }
      ]
    },
    {
      "chance": 100,
      "items": [
        {
          "type": "GOLD_NUGGET",
          "chance": 100,
          "min": 0,
          "max": 1,
          "looting": true
        }
      ]
    },
    {
      "killedByPlayer": true,
      "chance": 2.5,
      "lootingChance": 1,
      "items": [
        {
          "type": "GOLD_INGOT",
          "chance": 100,
          "min": 1,
          "max": 1
        }
      ]
    }
  ]
}