{"stats":{"minecraft:used":{"minecraft:creeper_spawn_egg":74,"minecraft:oak_log":7,"minecraft:wheat_seeds":1,"minecraft:trident":1,"minecraft:black_wool":13,"minecraft:lava_bucket":2,"minecraft:flint_and_steel":3,"minecraft:spruce_wood":2,"minecraft:grass_block":36,"minecraft:quartz_block":2,"minecraft:spawner":7,"minecraft:netherite_axe":1,"minecraft:ender_pearl":3,"minecraft:coal_block":2,"minecraft:spruce_leaves":5,"minecraft:dirt":53,"minecraft:end_crystal":3,"minecraft:ice":2,"minecraft:obsidian":20},"minecraft:custom":{"minecraft:time_since_rest":40693,"minecraft:sprint_one_cm":10158,"minecraft:walk_one_cm":35643,"minecraft:drop":112,"minecraft:talked_to_villager":1,"minecraft:fly_one_cm":68606,"minecraft:open_chest":4,"minecraft:interact_with_loom":1,"minecraft:crouch_one_cm":4470,"minecraft:play_time":99550,"minecraft:deaths":3,"minecraft:sneak_time":2668,"minecraft:jump":137,"minecraft:leave_game":10,"minecraft:walk_on_water_one_cm":243,"minecraft:time_since_death":40665,"minecraft:total_world_time":99550},"minecraft:dropped":{"minecraft:lava_bucket":2,"minecraft:bread":1,"minecraft:leather_chestplate":1,"minecraft:brown_mushroom":1,"minecraft:sugar_cane":1,"minecraft:wheat_seeds":1,"minecraft:diamond_axe":5,"minecraft:golden_pickaxe":1,"minecraft:melon_slice":1,"minecraft:creeper_spawn_egg":64,"minecraft:netherite_axe":1,"minecraft:netherite_chestplate":1,"minecraft:netherite_boots":1,"minecraft:spruce_wood":1,"minecraft:fire_charge":64,"minecraft:leather_leggings":1,"minecraft:iron_hoe":1,"minecraft:netherite_shovel":1,"minecraft:iron_axe":1,"minecraft:golden_shovel":1,"minecraft:cactus":1,"minecraft:pumpkin_seeds":1,"minecraft:grass_block":2,"minecraft:leather_helmet":1,"minecraft:end_crystal":13,"minecraft:red_mushroom":1,"minecraft:flint_and_steel":1,"minecraft:tropical_fish_bucket":1,"minecraft:bone":2,"minecraft:spruce_leaves":1},"minecraft:mined":{"minecraft:grass_block":63,"minecraft:oak_log":14,"minecraft:dirt":6,"minecraft:moss_block":17},"minecraft:crafted":{"minecraft:oak_planks":40},"minecraft:picked_up":{"minecraft:wheat":1,"minecraft:leather_chestplate":1,"minecraft:ladder":4,"minecraft:leather_leggings":1,"minecraft:torch":2,"minecraft:brown_mushroom":1,"minecraft:red_mushroom":1,"minecraft:lava_bucket":1,"minecraft:oak_log":13,"minecraft:end_crystal":1,"minecraft:dirt":59,"minecraft:leather_helmet":1,"minecraft:bone":1,"minecraft:leather_boots":1,"minecraft:pumpkin_seeds":1,"minecraft:cactus":1,"minecraft:creeper_spawn_egg":50,"minecraft:bread":1,"minecraft:moss_block":15,"minecraft:melon_slice":1,"minecraft:sugar_cane":1}},"DataVersion":3953}